KDM1A,SLC16A1,C1orf56,PDC,MIR604,CSNK2A3,PLEKHA8P1,ENDOU,ATXN3,DICER1-AS1,MIR4513,COMMD4,IRAIN,ALG1,LOC101927272,COG4,LOC100379224,ZNF542P,NAT8,BOLA3-AS1,CST7,SYS1,ACY1,PDIA5,LOC101243545,LOC645513,RBM22,H2AFV,ANXA2P2,GPKOW,label
320.7991557091054,109.27953131662484,39.75188967207955,9.145343908417562,2.854059033118309,3.126122027609358,28.191840309223682,39.58624146219461,397.58491124010607,10.052480746420924,10.09400422260234,59.74448344682573,21.798264135063427,55.61603669490385,28.575212307918623,288.3361192513925,15.58454300172842,73.30597807528406,2.7923588432315953,61.2370795063883,199.89929212431625,152.590972427341,1.504431005076274,19.46089617286543,53.281217572242305,87.07479984266824,186.41719461019687,636.1224638399713,14.369347622691453,102.40941060742716,0
361.8796250696258,111.20820176097342,41.69822517746244,7.886883223792333,1.8421561508469781,5.759754629543113,28.819175549294236,30.435848001543455,423.8055601769511,8.899240329397765,9.209486000243148,63.594332634643536,17.94866515574825,58.10469265201257,25.17385235656613,338.005148116623,16.908318108568928,70.85026998011372,2.744997128987026,63.28979852024429,170.3245294119829,157.9382686827652,1.056657826825254,20.555376761304963,101.99292793001786,85.02992475032127,171.71458648302203,638.763373930444,20.7662868898576,114.69030349415837,1
317.5142845477421,109.14061582742993,39.882763329113295,9.410617405518476,3.57371196019153,3.698728619547564,29.26229871172914,37.7845001257251,424.8913752108818,10.546741359717267,10.412476390769132,56.6194048549612,20.00505648375079,51.90099272202211,28.134355287780846,293.6995415357361,15.100409809006482,66.71904654849303,1.8867048211161872,61.504905054189365,259.6440869749125,137.13341208048942,1.194461397229945,21.293925138090213,68.15546964453486,86.21374561873053,198.79322333578017,620.120211922389,18.70023724008215,116.04551993932587,1
326.98788043411224,113.26698808536676,43.22634831113183,7.527473790734052,2.832259546354045,4.889357480334205,31.7841559986922,41.10091785352077,410.88664388221196,10.655457171374685,9.612956699789144,57.61044653968332,19.446519814232452,53.282252755349056,27.462510606262736,318.84101323188895,15.61819555826845,77.99858958819047,2.497703320409103,61.10486147054145,195.11972140401835,140.3817201181003,1.049371129451912,23.16437880642296,89.63463278475272,80.19283690655087,190.4629949192883,653.9120601299079,20.42385949775471,128.11952390546523,0
334.1481975176311,106.48880370379132,41.44957037945642,9.955763587796888,3.482761627732674,2.334283439709327,29.808262496729498,37.27161531466871,389.9331270037486,12.885063056980007,10.091664837887555,58.36164791513213,22.07737141399172,55.52727998869265,29.676159040018696,296.51127638890705,16.30994619473342,63.94651764040718,3.5242056883722106,74.95605887045102,193.05835151417847,161.6094718833687,1.312490504940093,18.90933548153233,34.89367498667811,97.81796017552529,182.4220848653211,636.1257187780475,10.371610393110755,103.32037000440866,1
323.5133260945842,119.41309525658774,38.01570397533414,7.996325683246825,2.0714798823784952,7.280303777283211,31.58749022321907,29.84838148366119,442.49329582267717,10.29550239727915,8.166426487785783,62.71471608194669,17.77373020853361,51.00765849165025,24.09672896349941,329.5773565617209,14.448156523233816,73.92202348525609,1.667627406231142,60.77517317673007,255.75747050111323,131.96125419709784,1.1200210504787962,24.275388837193123,127.16109255885928,84.37473782418621,182.2583552231169,635.9098994122669,25.64362631712301,129.19749758012995,0
297.228521567534,108.75578287032381,45.0454567323704,9.66828408302432,3.242502282933085,2.655530092419224,29.47451833888179,44.39812106822186,385.39436350194416,11.239068103352368,12.793523399835456,55.74167083780448,23.9670889067049,50.143808810065245,30.72587146898955,284.4640744808803,15.472820874252253,68.524228828948,2.226992125341238,64.92884314735925,212.9950048138966,162.3545025351057,1.424928848184398,19.82389137591865,36.006800129256774,91.99909609904634,199.0297334005832,616.8339365177029,10.108766956543914,103.88075464303839,1
367.6519096931857,122.85686903493175,40.65602798274266,8.117414703498422,2.5147322042633733,3.193801691981702,30.935470814453385,41.18169352138686,394.74756039451165,12.583939251003587,11.139328229124652,64.33403125912764,23.755016431903982,52.032178083098856,29.8254396113344,307.6569973589256,15.667824982023308,71.71601318004295,2.39603305212663,62.5126775556727,172.71505615273958,149.0782620981327,1.3597410963117031,26.680985155110086,28.33388751049133,74.88344387007751,193.68499437188058,612.2408915663369,7.884932589497714,132.58582028874656,0
308.18572760710475,108.3183613086243,41.33292879828609,8.99148377395481,2.949763546395414,6.829154911464604,30.991608288804116,35.663753594278695,433.53253360063155,11.010078547867362,8.40897953984594,54.30937759754478,20.789173012025422,48.68835643527376,26.31517433789647,291.88801334508213,14.134519269910587,74.47262187293072,2.826036473872819,66.92588177165071,305.1875674527112,148.22451114655092,1.1200210504787962,23.25906859136922,123.7297305128861,83.8137076255297,192.17771473628503,648.9682889881622,24.87756078730459,116.15029116979592,0
348.0637593486093,107.4586583821499,41.828167989231005,8.44427929996737,2.1482348161674727,2.899609300345575,27.89304873501348,35.28145355824576,401.2508201373101,10.050690284181155,12.536863397447323,60.195827278064755,19.061151722345336,53.31770517993086,26.065003019033888,317.9330736506985,15.039292730280385,66.75590674700153,3.2095463215542113,65.0589916377372,194.9517122039199,155.0105212630991,1.163461978370349,21.3641455262769,78.60092109482784,84.02402833452265,177.488709030164,635.8711748534569,18.246239866783185,113.20458498273906,1
324.1262219190516,105.58220020532697,41.53512580515462,9.991954514410141,3.5199070784782065,2.581569234388257,34.48881671881512,43.62864641437179,370.8921384355541,11.48734230000729,14.305990191187774,58.88105707842709,26.770759677871155,52.46387665155364,28.523129038704838,288.3954758941516,15.750357770781083,66.55656233578328,4.360353632309058,68.5997976262832,276.39397296290554,161.1427022257115,1.681166868378265,23.44371774215951,25.198193779611934,92.99517305727576,207.0912186669048,579.5470405055833,11.139852246437531,107.8547111661452,1
343.24048445223025,116.97821937402378,41.913974773305206,7.8020567641832015,2.591035927545218,5.3919699338907945,29.344396735872635,35.295470187880554,417.25378972953456,8.171753312716376,10.294946586771609,63.79002999546069,16.623915891280042,54.96877042306306,28.38395736860257,326.6225160131267,13.75415581943741,64.46986342706859,1.839099139390377,62.00182284629036,196.3783179195902,141.5260297358987,1.0,20.96691555986765,96.86669452948681,83.4605177465144,188.0932341767117,652.6549044392501,21.3045144426117,118.9690958292193,0
333.9998789704812,115.24147864640676,37.8002987424451,8.028417829390403,1.716604407656607,5.833631307296713,32.58946611211445,33.45825693952445,438.9198675345272,9.730888384449095,8.236924419927552,60.82487688152419,16.891852358190285,56.135143988921016,25.137759997852363,333.5559763985874,16.034895302070034,70.26937313626715,2.477474058049886,58.8977601672352,173.98436893185993,133.858975071695,1.119324478870905,24.84038964506463,135.48853513208917,79.72510406799027,180.98795544790318,635.0469221723641,26.402001770409367,128.8426116098503,0
333.5499093949243,114.27461305743452,40.21065340059031,9.416605049629435,3.118297649384909,3.900699869998759,33.20437616602615,37.48430592603906,419.5790034064363,11.102195769641323,8.989991039673159,59.285196241496955,21.31786106897112,53.392082748522895,27.40368913333135,287.9782594373943,13.83204525924342,72.79293626658864,2.667591963665917,60.410098804173415,196.59662044100997,150.1576570724095,1.3092566360384819,22.95140040195177,59.71432211403673,80.06542197480637,179.6759760613653,634.6982083371989,15.596455848252456,115.18510243792396,0
346.77752316038067,117.07382538122836,38.958971037632104,8.061244177164005,1.984226875995898,4.938314573709736,31.15713052022503,31.154604874433783,437.475896218649,9.291987055204661,8.21661128490016,64.24580783618364,16.858777808036113,56.876478998039126,27.02270075844042,319.48328349069277,15.421417968554076,62.2870310013671,2.631537982718007,60.948090708505994,230.12458872828014,144.7586100073152,1.2009535092022119,19.1705272438724,94.75833045893063,84.03297842038913,177.1948905604699,663.5487098127347,20.79518302806915,114.86667066224997,1
332.60063482907265,110.66958747610651,42.065955285520666,7.5058579202932325,2.540100543099006,4.185947093374223,30.13716580929228,36.39214742261296,390.9851816189669,10.971885296578924,11.636894741960473,58.59894914966092,20.940324627838397,57.28354253942176,28.354670345288547,308.7398507423022,13.405428993092391,77.30152340242569,2.3767138607614955,59.28588495831032,181.35801789123497,146.870777932195,1.385106526205369,21.6263052339046,91.01790557036017,77.11393152231705,182.1389535784967,641.3615612272285,17.562234920889257,109.6560972214697,0
307.3675085040293,113.71894296790727,42.791148705908824,8.907684288569488,3.058311034740751,3.7468098990981473,30.42867377799526,40.15600791429152,414.1184134185267,10.629448196257236,9.581501137502565,62.0234229432305,23.2000615053285,52.36989178055514,27.234470549526822,285.8328355123057,15.029482010525333,71.07294384407774,2.786024436065988,59.73087679529512,220.9463121679973,156.3101176662549,1.349078958017511,21.91156086480319,50.29460470712789,84.19548759109594,187.090806042481,629.6840137899397,15.593096396795058,103.31485102507418,1
341.1548480073447,120.68301663665238,40.310539130394304,8.945736141516745,2.0411912958246674,5.263133914480301,29.400731489905674,37.36295884656964,397.14077141927953,10.694258229620944,12.196845343542979,59.883467523688786,18.130088532039178,55.74997038709648,30.012225870311248,331.3945739627128,14.944260920026519,67.4131774104579,1.9820183525383057,57.78195438144813,199.8238066304798,140.873280406456,1.056657826825254,23.045543117203078,75.98015838964744,85.4991212507666,192.00703564839282,627.6583724614126,19.92311697490035,119.64769352607236,1
322.8892692495979,119.17879533103185,39.12870101668342,5.523501963741045,1.451790884378924,3.6346353927719313,31.11377221395106,36.479248605116446,462.648491893353,9.03617388555396,8.561368292666316,67.29760592404877,19.942621086240855,52.98558362116987,25.24572450223949,310.6011431719122,15.35810884487905,67.68913724950615,2.038975929691905,63.16744851380766,200.3761937026158,150.22897151798767,1.093646779254235,20.26395325682722,129.08913960803824,83.03824357311709,186.6551881854395,627.1797109782549,25.592760694570813,117.52526548212975,0
362.8747179401995,113.00738896440194,37.43519325264468,6.643216272453425,1.760981299786291,3.9233544947523145,29.607255589112583,29.26361985583722,445.48832622376585,8.508578377275319,9.330478653362327,72.04436699261066,17.776814792537618,58.84477184647072,25.02114827183263,346.0396537856382,16.19926225822974,68.30258874493045,2.327343878398641,62.122155170290036,157.5196190823031,153.0183202415011,1.0,21.92718760409093,121.78533989108772,88.27539455003226,167.77910113208432,628.3111923076123,21.39986781697906,115.91271772821005,0
289.1781088139576,111.73640288155752,43.13067310931996,10.322568493232184,3.774490808470489,3.4127931622720085,29.03712083067731,43.69649065538046,402.7312074014286,10.596844592288658,10.642432115813657,60.329786401690875,22.764736854342463,51.41347378004491,27.225034587725094,278.3593953493575,14.35015935673888,72.74642265043325,2.8027984704154125,63.984888586816375,230.5379657726991,157.15521696304967,1.349078958017511,20.974862489755388,42.45711229922429,87.45713610194237,187.937468944617,633.11929207506,15.822103985558977,105.66761286996343,1
308.97590153870794,106.68083137986335,46.83242967910842,11.734393940183253,4.159598690686677,2.790076684519788,30.91886117128077,43.41213205086317,407.24242356369115,11.115685027750835,12.848408321126835,47.526657771859774,22.426687768424962,46.81637604874593,31.545674560269596,258.633837985265,18.124368197921207,67.58878041074745,3.182415012127147,71.30978980840725,267.5621471465648,175.8437814952827,1.481309907372608,22.05743255740087,38.282259091165585,91.551885120637,215.1886576640462,598.284835959477,12.205626980537904,91.75988761138467,1
373.076337582235,134.7374678281087,38.993443158585684,7.381390586602924,2.7742585166070652,4.2785087480110935,31.16449043778035,32.0230378725619,459.7895147859161,10.794218141685644,11.460787864711989,56.27758413971674,19.418495146281508,56.40456409073488,25.182510876730582,318.0850942409792,10.048471052509786,70.77474347252192,2.670038262946523,52.66550336601883,152.10848995185137,136.91143373215436,1.405828864009775,22.790939865299105,44.368515184429484,78.25912101733192,178.9248535475264,657.8519244299284,11.595255954366795,128.79331443382193,0
319.76362702681735,103.77422168318003,42.461249686660665,8.599127290513032,2.9453286228354747,3.5270459276010073,30.75591007225598,42.54701284921165,389.9992261966295,11.673559466531854,13.23813527806609,55.59735512637805,21.46429177202302,53.2108106208183,30.779191521305865,294.4280352110428,14.299321201804423,64.25699193012015,2.1592117741361787,63.239584973002295,194.70423120027309,149.8597384034234,1.212833107822261,20.504569854573596,62.79452499040603,85.67762018998211,190.4361115568779,620.5852296696326,13.628948643730222,107.6615899810657,0
331.91772050482115,106.43614913319354,37.658759446644034,8.163723014417702,2.035091153887111,3.9763826267571964,31.33258626401065,37.919638469352705,411.2639234821504,9.71029729525675,11.335571513598156,59.76279557833753,20.186159962088656,56.9405559914088,29.362405088297823,312.46139051545487,13.832278137119081,71.09278460582497,2.003617401942918,60.00545665584637,180.13553361271337,144.9632231950194,1.163461978370349,22.31229670704465,73.47295342464409,85.22161352243282,184.8778131666805,627.0693731723534,15.159704474645228,114.23251334070628,0
321.6286223990913,110.34008678947323,40.803599484058736,9.43317368505579,3.4547211505221638,5.7701190028305005,29.21769239906102,34.76122180270802,429.9373786386949,10.585400038867363,9.237769371158665,57.54190972525892,18.377286601642943,53.33000341947758,27.189735317810893,315.1155699140864,14.104563936708496,74.35580456004926,1.869142836067694,61.685948021112,263.5800886422688,136.9254803504567,1.194461397229945,23.969918548883868,103.96186458661332,82.49919961341837,184.22193086710757,629.295597748455,22.941710025252412,126.21126565277908,1
306.8538674219238,118.1145387472,38.859658814151814,9.191866271200954,2.340181941467854,6.133264119452316,32.64096734805654,37.11652902440253,433.17555823203213,10.569769611189702,7.379162340765783,64.16046216992282,22.0718486604784,51.1154897814771,22.56454995814932,289.42380612964826,13.402931407285388,80.38883145708047,2.8388625970434953,64.35664282663146,253.27194918216827,142.12214013771884,1.468702905945177,21.202075081778897,93.84080588869358,78.75452260256921,178.7356982060261,646.8168705130329,23.022695998997158,110.78948333606486,0
357.9895730805486,117.17804118924153,41.30031021838808,9.135344219049422,2.9037254251689704,5.2469710741381865,35.08327105929478,33.66707139123121,413.7418261000839,10.522315914454255,9.027500051898723,59.395297857384584,17.97258254460905,56.60421636736762,24.265346167891394,324.44642642878244,14.883954594395174,73.11254345824489,3.1276346472595646,59.02303629875282,154.67806814420334,139.0401371984986,1.198399656021656,20.78024170308783,103.20463475199158,81.19599381129979,168.8058838684512,653.1829942217001,18.473777357699426,122.29823946628673,0
328.4117244065103,89.71859933367826,40.71838817480604,12.787693283348002,4.427485180856686,2.516178477172897,27.82128797215721,38.80839401544955,368.9434887304628,13.604716142051291,11.830551323923313,58.89774581391238,32.70678500215986,53.87671492924229,31.464350416416274,308.03493367817,15.227844140204619,64.03253632835741,1.707293505213015,73.41164866855449,253.03905829829165,149.8859403285956,1.213797738888498,20.78339774729072,27.263730344076798,80.22274773682554,195.70418771238218,543.7682882627348,6.572076018546189,121.40666472812866,1
360.3620187383023,123.1732531909461,40.7626457136286,7.364659024374021,2.118348009975759,6.249743196752775,31.534147770868707,31.778126612779026,430.0649825274186,6.78152200436173,9.231236749129668,65.10449228143086,16.435298199720513,58.072953941323036,25.528606349934382,334.9477677868765,13.855357792742605,73.73307923267323,1.7316571537828167,60.50623746260991,167.40499953536806,142.6281732534573,1.056657826825254,21.37455883068284,122.49597381432451,81.51963950110785,177.5357781654758,667.2298093204294,24.92899182260353,121.22275377704742,0
332.6959413942569,114.77455823487155,39.69456031266266,6.881957061352502,3.395436006272715,5.475555804969086,32.72765364458117,33.38679921843337,404.06563936418536,10.149694490314328,10.435914226219392,60.798205316041745,18.23978919982544,56.554286342177946,24.074196124386013,332.571149970632,14.251816260196762,73.18893606798696,1.643149571006738,54.23125495126686,179.8293920535996,127.57124658916473,1.0297040476988388,23.683584526100123,103.96512291776321,79.84066105125585,180.49930079971662,626.9650278631631,20.699392397958878,128.50504368043872,0
291.7287713418841,111.85487984003025,46.32236428181485,10.477706940311387,3.665922558487938,3.2891525264583463,27.65379162237366,48.2766041506772,388.88376491486497,11.182486753709636,11.639433845382811,56.31654699770583,26.52044612814991,53.573092693385526,29.428941946330053,285.01639972469894,14.521695209512345,66.11642616103897,2.151586704600312,66.25562613486603,218.8236214335837,160.2848998937663,1.424928848184398,23.48840513285654,58.44165022003075,90.93977474489762,195.33430026821773,594.429759086647,16.110586818154278,105.46090508828168,1
338.98116668545913,113.79780616977999,42.86661908546507,8.648245720454556,2.6702022399210543,4.128503664427986,28.32153655241005,37.3589804795685,411.553261906531,9.25382038264778,10.417106019582764,63.1360973365679,17.19070212764333,54.34323473502424,28.34417525179403,319.73083385113733,14.390915924101472,65.66784547810768,2.1364768393253293,60.9068281217625,210.1963130067145,142.273541101109,1.0,21.72179346012021,93.68893981111442,83.69436434439892,190.31429689285943,634.7554156751096,20.4962251743234,118.47422898608693,1
318.9013397650184,125.6680511728354,41.77023256166969,8.083299980592283,2.8862288081997,5.627920741361825,30.129553896744188,38.360163797470776,421.5090051158333,12.047731882077752,8.053431461362369,62.50830580188587,21.42204658914728,56.26308366121674,24.470674249320318,313.76000775129165,13.402663597916959,73.52914295200601,2.7180228893845593,61.18397465712148,219.0050250630738,145.3571707272918,1.430310885797688,20.63830861437032,72.7770911376005,76.49015477741699,180.62502845915043,634.7958172855647,17.915684211515618,115.47732225962258,1
330.8085383774641,100.24938141983368,44.57553848988272,8.438518784778099,3.4736360442572094,2.364526986283102,28.557812841784898,38.402851213196065,396.7852725767351,12.39843706200498,12.95540351569434,55.69183439271287,19.696170583344717,49.40463104862234,29.634204626490362,294.9976972419837,16.7161592214741,59.02668503976415,3.0310299520980517,73.2581863632911,241.57411858283186,171.7706870712352,1.4132915120483311,20.288588139306803,37.87278336775871,96.21540748957662,201.8616011557744,639.1713957479213,13.560018659781438,97.61311816093442,1
332.3727365941615,114.74114784282706,39.87624176014924,7.892838759789531,3.168451081622243,4.9029168920016835,32.980020513514106,37.28668328767223,421.67384746203595,9.399690404659113,8.753044989698335,57.39326279169991,19.164410025771293,50.8380392185199,24.93070214796627,300.9876100393255,14.723784957663089,77.10941385453624,2.8325342770910895,58.070992145671696,204.25736382274007,144.10459075226544,1.049371129451912,25.19976208089712,102.12492934595731,77.70687741036305,182.8665301852159,661.2695971594105,23.65737050667039,125.87166014556756,0
327.17375944980506,110.94211017972191,41.84600836909607,9.07741876074032,2.535776354098908,4.667165162020179,29.197046559912234,40.11579071534193,403.523645180386,9.906914251623428,11.331299108640673,55.01268541595696,18.547444945724912,51.814585199306556,27.657022838223888,312.37240405397137,15.125311391951817,69.54547674861391,2.303010877625622,58.61761466675481,223.0226698370735,137.9979967152861,1.0,22.46243171012678,81.04832616197335,84.46743497812301,201.5196999806918,637.6485617643473,19.613756478495283,118.27815073265796,0
308.549164306352,113.96633897776242,41.42420066687344,8.504712070015483,3.598749952533958,3.7487616077181345,25.7160397321461,41.65916152643068,406.21082349228215,11.39185044437939,11.894104307491801,63.39765416660769,21.55730527868557,56.91199413216509,26.91773331710621,288.66879968837986,11.621782758670077,65.06696767865307,2.212291333204271,62.226076813227245,207.47687952845712,143.33166001960402,1.290207839439573,24.38663942421332,67.0229253416505,83.3522288650647,187.158144829182,618.9413890356993,19.181292300925506,110.03116951953298,1
324.3103329834269,113.87486511256459,39.33908309696164,7.722945493901295,2.879263368609581,5.313300256411258,31.302261793937014,33.509669771933815,424.76817358755005,9.711552088775347,9.763858935502647,62.36746682730984,18.503554494405652,52.87074521164326,26.070205283759115,318.9447132255473,15.731669803538967,72.68525217873173,2.0338848286195534,59.328629454957536,252.83324464538083,134.3871464741282,1.194461397229945,24.39898462726205,101.93122600299276,89.12812832424041,184.9968982411589,626.4924869798382,24.746416369172245,129.06427506871375,0
328.4117244065103,89.71859933367823,40.71838817480604,12.787693283348004,4.427485180856686,2.516178477172897,27.82128797215721,38.80839401544955,368.9434887304628,13.604716142051291,11.830551323923313,58.89774581391238,32.70678500215986,53.87671492924229,31.464350416416274,308.03493367817,15.227844140204619,64.03253632835741,1.707293505213015,73.41164866855449,253.0390582982916,149.8859403285956,1.213797738888498,20.78339774729072,27.263730344076798,80.22274773682554,195.70418771238218,543.7682882627348,6.572076018546189,121.40666472812866,1
314.27042533942716,111.01541208412445,41.53742175845395,7.532512094903647,3.037522623386104,3.258154721320664,24.52273525191852,43.70002299521846,432.37751295940654,11.573260377580553,8.708195521080299,60.94059749404757,20.72807702281322,49.9427199942002,28.567991819575337,301.37104614911766,15.918818134093062,64.47796854473432,4.187500174763187,65.62838358293473,283.6532157773839,144.9525961026984,1.323827599013509,19.35635204834831,66.13165611148735,91.71968312354527,194.7673338244815,612.2995695808531,16.69468734428456,116.69929645066767,1
335.5576158083447,116.69016088358562,38.004508820279696,7.289466616456363,2.447295334763416,5.658458030025092,31.22452845068417,29.15742552760139,432.3992632699702,9.914533358275662,8.849508005236846,61.33138687235436,16.55335867568531,53.50975407593285,24.8945292626052,328.6302761305674,13.803321618997336,72.29974642841475,1.3219464727803991,58.678940307204435,257.9225471919907,134.27253911497215,1.081629030331307,24.1188036947069,115.46906909014687,82.30968846342925,177.8908974821636,637.2212160905058,23.09188707950799,131.01418070856803,0
328.4155497738851,109.74873821121064,44.77037653676208,9.167718486139274,2.6728401943242432,4.979406413620866,28.987526233704035,37.99590271577447,422.81525732119115,8.68522371052929,10.778506149874634,57.0833029957232,15.55508597120419,51.60047269783752,28.90483798321563,300.5654468711572,16.35806652163017,61.919889798072575,2.261430421338606,67.49186792585326,200.58754840345858,150.25638384358,1.0313356633898259,18.22278194684862,81.07349864074513,95.12166572033144,197.83155627542618,672.1316763453024,19.977716071057632,103.1106769128402,0
401.1154777816477,151.84217775236363,31.72634723480172,4.678897772705823,1.5230471386114999,4.926853428312946,31.25503966736473,28.01722143431713,470.7789648014106,7.9946053367856775,8.291725062618706,78.8079874180776,14.721281059127893,63.7673301980754,17.332774409887946,329.3650886914212,11.590137807411377,71.886869858849,1.6750628316633651,45.988925731560954,180.15885508320048,133.72437379215435,1.073316142853362,25.47415085526891,175.4810840186114,70.53249474965335,170.92730404601429,679.2974364610734,32.3828661365201,133.32263513346058,0
325.89177282040157,112.43297035309965,38.61361853379522,9.319648757888896,3.629159888311024,4.237598277818511,29.273931286632717,36.130098019565956,421.7806613441402,10.79859818785973,9.85496921486687,56.465435614649394,19.606768663242754,53.694886470882295,26.699849374671192,298.6867691093794,14.70329204900282,72.59432146884035,1.917504770437711,58.67169496626773,186.8238006829756,136.4390343490656,1.112832366898638,21.727242279373048,75.24832476275654,82.35601021922443,194.19261001962462,633.2502479502339,19.743031557381478,119.0808423453295,1
339.4428804522211,114.38033351833283,36.95211499246687,9.111027584733963,3.156574909554486,4.491015136848452,31.90184431158019,34.150888244976656,434.21114348285585,10.680171208445831,10.71347434770349,55.39115129429838,19.18641243124791,53.686176416840865,26.51577869446935,284.86603492156945,11.762008099304687,74.3111827615779,2.863445667523978,59.01159489276523,176.14059557448581,137.7302675341359,1.25988550658657,23.543767274440075,57.15231955153054,76.75051826639985,176.4051590178552,633.4741350970546,15.728907643688132,111.89595177613835,0
430.0667638414392,152.20342553603243,30.618129685066684,4.04197211420759,1.3000915477250392,4.467781368719967,35.21340514773597,24.56541777962991,497.39380447063513,8.235611663165312,6.78387823205986,79.35396443644257,16.242239210276477,68.06174853899185,18.55677911746495,327.8414856258539,10.726290060894257,76.29252203703716,1.421664844003651,46.92011253427559,176.2018978334966,151.92768756557712,1.093646779254235,26.409591945457443,188.13287790817347,68.42269572691966,173.2356365172358,719.6933367954225,28.229414776071376,139.58655659589067,0
407.927686775256,180.4397701458002,36.93768933938825,6.126972258122816,2.3905376850070246,5.883714252055354,31.785404840240147,26.311111005268543,582.3081578967341,10.201689980526963,9.41709720875319,54.290427105949185,19.660474992287018,55.62682856617291,23.017949727974514,316.37327979057505,9.649431223991122,68.71922851373544,2.9482075986679184,49.97298978712108,146.88502155180385,132.49810815238274,1.405828864009775,21.908179205180407,45.174875810703526,74.83712456682673,171.31897047919452,746.4169084960142,11.393725512901025,137.46505535455063,0
319.0870688649319,107.3943559655385,41.92213138006396,9.164497684533957,3.7251816447861237,2.176433315981153,31.84095486321134,42.526229695504014,376.0345701332635,11.549723707610678,12.611293331102733,55.89044071201958,24.15726780839133,51.46998310526645,28.7564150264922,282.72425949848196,17.18186652072778,63.53698919746056,4.7052727510488435,72.53979758646634,289.4818809282979,168.4014652329453,1.467369129489767,23.283639590393,26.560962557310724,98.48061815419491,209.8193333852038,579.6992969654575,10.75731453530113,103.92175623263645,1
316.9852148321139,99.02953840838967,44.5671947447308,8.24646940407614,3.130981531737053,3.020212907158665,29.449055933808058,38.98299873787043,390.2699988013915,12.337727196220738,13.412400724205725,57.27010034216668,22.23632717297475,52.52900828655807,31.741819381526806,294.5846842735187,14.100963633941172,64.41131041122904,2.3624323035171213,66.08903794842311,205.81205175938476,161.01868293891533,1.212833107822261,18.362655233265837,45.46785938179621,91.91557106561703,190.61534607681372,637.7850080483497,11.119567593109043,102.65382372666394,1
328.4117244065103,89.71859933367823,40.71838817480604,12.787693283348004,4.427485180856686,2.516178477172897,27.82128797215721,38.808394015449544,368.9434887304628,13.604716142051291,11.830551323923315,58.89774581391238,32.70678500215986,53.87671492924229,31.464350416416274,308.03493367817,15.227844140204619,64.03253632835741,1.707293505213015,73.41164866855449,253.0390582982916,149.8859403285956,1.213797738888498,20.78339774729072,27.263730344076798,80.22274773682554,195.70418771238218,543.7682882627348,6.572076018546189,121.40666472812866,0
367.6519096931857,122.85686903493175,40.65602798274266,8.117414703498422,2.5147322042633733,3.193801691981702,30.935470814453385,41.18169352138686,394.7475603945116,12.583939251003587,11.13932822912465,64.33403125912766,23.755016431903982,52.032178083098856,29.8254396113344,307.6569973589256,15.667824982023308,71.71601318004296,2.3960330521266298,62.5126775556727,172.71505615273958,149.0782620981327,1.3597410963117031,26.68098515511008,28.33388751049133,74.88344387007751,193.68499437188058,612.2408915663369,7.884932589497714,132.58582028874656,0
365.92801636141394,114.32331855650895,39.68899627559691,8.551332926038388,2.096248601132733,4.33075813624691,33.28619669862301,29.397049630392917,413.0999969693062,9.769865957449529,8.952438365595905,61.99153541936956,18.61568442647851,60.12911151869876,22.646996846643294,344.7409180542555,14.025385053180708,73.86032875644443,2.288542040867161,60.15593681109783,157.81361581836546,145.1813424918556,1.0297040476988388,19.567910891142116,102.15828261675443,82.00202714815916,165.413154989219,654.581154040687,17.427701870290328,119.02025341004256,0
319.68657958331016,116.4557767766092,38.589477923335764,9.842194107675578,2.9551676809496206,3.9822219876017533,31.18095838154443,37.02244705350064,434.7830034948921,10.32333411165084,9.098217271612329,62.60802375412452,19.927356794788388,52.54326004766153,27.29960061882315,284.75641144974225,14.001207267984444,79.89128340961784,2.710052851088182,63.773622579871656,206.00898173377337,150.9987086769639,1.25988550658657,22.281902363380983,66.32635742865135,76.32476894234112,177.1617577651105,649.4498326355845,19.370469014089288,112.40313334612078,0
317.8001739878197,107.52177183900206,42.80315049230836,9.940483325714904,2.78829790917046,2.3503895308346032,29.43721098243558,43.11060642439797,401.2925204070121,11.877455786114266,12.039352160810022,55.5487674692245,22.70227084474827,52.656859309761515,32.775417686269435,292.52838427614995,15.611225230938302,65.27058208697373,2.612090857317635,72.88829942270218,208.13157154426716,158.0517378439214,1.163461978370349,22.237689475729507,42.99139097568722,95.5073272505031,186.87431197126452,621.0684897294768,12.466060050386911,105.1699294321742,1
363.9769407834085,130.579849774323,36.1843929892343,7.25428313992734,1.4444600708737467,6.563679754126565,32.27501369812669,34.99566969759561,461.80005751562476,8.475428468731348,7.514018774891123,67.12701266112792,14.348923202791052,57.01006029781157,23.027268811456302,323.68571559089185,15.951117935601838,73.52031457595896,1.894776619625811,54.59532136252485,154.1579351041109,134.7142469776628,1.056657826825254,24.21975628240454,168.19887331720724,75.13737314402819,170.0086593612772,644.8692411307521,31.94893026644104,124.25377403679553,1
309.4061506493082,109.87491192294324,42.69689930116258,9.690893734134917,2.828778735288556,3.9912648310913226,29.26305988326946,45.51482513971565,399.8390593545196,11.268846229382937,10.791993667896513,56.90250713829552,23.738889098484975,57.509210592474005,30.45470300625786,295.8065030781169,13.618996288808784,63.28601617002528,2.064708738449487,67.09936654250103,203.0151991864064,155.65703488773192,1.203284300349378,24.6574658501617,75.33425275069206,90.47233132231379,192.0019880066078,609.1830350331988,19.54412275442794,107.33773191862504,0
331.4347745985757,115.7220361729251,39.14186683515612,5.979566902728766,2.8741902210350307,5.599727645421671,32.45244999727121,33.1453898376709,414.36403462530427,9.842510991177612,10.550560952885837,62.435562535858274,16.93192546662403,52.75444297828676,24.594321064588534,324.7839891203119,14.253370508602439,70.38154488821948,1.7235956266413883,57.14635924543927,205.7640147305588,130.78337339848935,1.049371129451912,24.08229752336683,106.78503604609645,85.78583158743962,181.92763540624748,623.0474535152905,22.545809385376323,131.6187550161974,1
345.3096276779156,101.59020108871536,42.996584451880594,7.054390055021104,2.5386063949180824,3.7774578233310336,27.611949432414644,32.47269179088101,412.92010909800956,10.07891759661456,11.39438649876666,59.093162533961085,18.17202639262273,53.86243543153614,27.28364986449814,314.9846135167981,16.79186390922707,67.17828904481,2.467357504935053,67.75962160780963,175.2459671306911,161.6438536987994,1.1947976417601749,19.364197205049088,71.29649146397765,86.99515371289603,183.75754319534295,650.8517527927391,15.340707956624518,103.19592610573984,0
318.5284380869237,117.58890828527686,38.99059420078126,5.714503617908012,1.569297799461184,3.2940094118179553,32.752788332635205,35.6668964858116,473.93375782846306,10.136959786880213,9.101838349860923,63.12902657873393,21.3490770253757,50.39322583967042,25.11792722685189,305.4464027413109,15.01136720423313,65.13643848332927,1.618605775596659,62.27577726950731,181.3623795744117,156.1115738598164,1.196956040766694,19.331549252722514,112.22188854970175,85.14736733103699,188.85504522962248,639.8472454008788,21.03469177041385,107.0342888359532,0
338.3731568479236,103.66020812280922,39.84404800840884,7.511424137191322,2.217360508967421,2.8532214974472803,28.89321288872177,34.39511439509721,402.423430570798,11.699919301286041,13.185471003083375,59.78416797273785,19.528679487430683,54.35414563903073,30.203754481001898,309.4947695745634,13.408129544117562,64.10776124781104,2.541415960283013,64.68862145304146,187.5977267376394,155.9640312856237,1.163461978370349,20.162696740391404,51.988405105243615,86.5401082793756,186.0815618362914,647.1659160248225,12.142970725732635,104.4808705171844,0
324.70601037802373,113.83964812148437,40.56504615066771,7.428899802379936,3.050229960874028,5.15640519958945,30.022814745176618,34.80531492237634,413.7730454647041,11.639208249838545,8.76999384592818,60.61499331519216,19.960673716072222,54.77253008761154,26.23825911402914,324.8054576937539,16.34088463069913,66.79341355126405,2.361944849036747,60.95017526778336,239.49971279186835,132.26361512217932,1.3137858761008498,19.68205034699133,95.44920711262782,91.15259153421465,179.5233690504181,636.7756306859567,22.251009921547013,123.31143843277304,1
328.4117244065103,89.71859933367823,40.71838817480604,12.787693283348004,4.427485180856686,2.516178477172897,27.82128797215721,38.80839401544955,368.9434887304628,13.604716142051291,11.830551323923313,58.89774581391238,32.70678500215986,53.87671492924229,31.464350416416274,308.03493367817,15.227844140204619,64.03253632835741,1.707293505213015,73.41164866855449,253.0390582982916,149.8859403285956,1.213797738888498,20.78339774729072,27.263730344076798,80.22274773682554,195.70418771238218,543.7682882627348,6.572076018546189,121.40666472812866,1
311.40210054350507,108.3093699881334,41.99624481341095,9.91808371864651,2.782115460555471,2.041021981086562,27.332156738165914,40.98369585986816,390.26222761721726,10.460913721204323,13.217244690188357,55.45457616886424,24.775097799740088,51.185212827111144,31.442589671483326,293.89398173172765,14.612422770850774,70.21253636772147,2.094510931873021,64.5996179762844,212.2109833029304,158.97515463894243,1.385106526205369,20.671349542162407,35.89897401068612,93.4772735105113,195.1218165461991,610.2046571919825,10.94027527865569,101.58407400567998,1
318.52843808692376,117.58890828527683,38.99059420078126,5.714503617908012,1.569297799461184,3.2940094118179544,32.752788332635205,35.666896485811606,473.9337578284632,10.13695978688021,9.101838349860925,63.12902657873392,21.3490770253757,50.393225839670414,25.117927226851894,305.4464027413109,15.01136720423313,65.13643848332927,1.618605775596659,62.27577726950731,181.3623795744117,156.1115738598164,1.196956040766694,19.331549252722514,112.22188854970173,85.14736733103699,188.8550452296225,639.8472454008788,21.03469177041385,107.0342888359532,1
308.3545016656118,115.05527861975186,40.629659014557056,10.172686712542228,3.150869738608495,2.680496012788203,28.35246312045205,41.20165783981576,407.4103313810263,10.665244290787431,11.322700562494834,60.486471306989245,25.386564859863974,55.86639323354474,31.84260092529963,300.06854229098263,15.878942507881243,72.66522457590364,2.165864587610476,68.60610744726776,210.6568021361793,161.7623595382739,1.455922067394871,22.461838341787946,69.36098614105663,95.42283537147765,190.9741960333739,606.9126731257369,13.224743659988581,102.37293303203049,0
361.65651455865157,117.5683639198567,41.60867548579592,8.558099955382001,1.915853428719608,6.357848363754918,30.297069648672522,30.443860603252624,420.9629479889092,10.012019701337811,9.90952012029,64.03471044867649,13.7020215098975,58.968398614525505,23.91952714265233,337.31418346093267,14.414817876813705,71.08136277499263,2.0152736609749247,58.54104366824978,167.7877292706229,142.4021657866608,1.056657826825254,20.45720384013243,144.62500239779683,76.39823967165755,170.0654656411422,674.4488387033858,24.22198234371761,113.69976368664607,0
356.8208492023308,125.73010063792871,42.58508163527772,7.575356882499078,1.599529746806642,5.421054435999865,30.403213024511977,32.86568886774937,407.2895008004241,8.659095517688577,10.536313985553004,69.23446702207565,16.152692588207138,61.9006115036154,26.49329502374257,350.04132680055545,14.758667804914491,75.31803177489805,1.8745763669307458,59.857764249862235,185.37408905867989,141.1878049411773,1.056657826825254,24.481102882781197,128.16147283059806,82.42747864163165,175.73977078700338,654.2607588142785,25.791717765267,123.23907695785033,0
295.7430706175996,109.37858615338011,43.62655518348181,10.02626369875732,3.289245870192244,2.4367045073505613,27.650126993048325,40.494395310764624,390.045346326875,11.318195517913395,12.400594019244306,56.94623197920382,23.987608967544087,49.7491339836011,29.99571647844949,277.3770235000451,15.329920811951496,67.63042818172536,2.679725947799764,62.76991961222207,240.50192202045469,167.3199558623822,1.424928848184398,19.608988221042033,29.670361569897107,89.41790005857955,199.3360056497103,626.9653717319467,11.093556681895029,99.11417637843891,1
348.7579820684279,126.39887634169898,41.52711773063804,9.565816885765516,2.1502575220250657,5.83947885504976,30.42570050917815,38.821780374767144,416.1517635045545,9.239935495084225,9.462575098975654,63.83163151787771,17.49951673829675,60.42502901295759,26.48776252969979,344.28521928714173,15.80341891940717,80.58037789570149,1.769121914930647,57.154588002503964,184.2221942076678,138.46261811140272,1.056657826825254,24.386758426589637,120.19971206850262,78.05169565578461,177.294472591155,637.3182666903765,24.910475382952292,125.23527977838322,0
324.25373556892896,121.8655139296264,39.64705743506512,9.141204965502213,2.780859194583482,3.462295178841908,31.539060988866986,35.03736950372191,431.45778165049205,10.977188890743417,8.727618758864711,59.04345630160682,23.092493533833487,50.57146565767376,26.00464955048174,281.455516474373,14.795593904286914,81.72931603569211,2.786637984642538,59.31867509006944,219.7779965525189,154.435685555749,1.4815300544215897,21.686466109531032,54.009596861208365,77.19475640222508,181.2624463289977,636.4894476199719,15.734041552196738,104.92217203369744,1
311.3113695716826,108.78521576810462,45.05005838573253,9.624781826073194,3.453861123066704,2.696586169914082,28.56638216914003,41.067659924515524,404.97444780489,11.225691464639784,13.134885559918033,53.91441723986351,23.884550390596942,47.41583077350238,29.573834731691342,278.90378370628116,18.785480573558452,63.78704535627064,2.6635785940297882,69.7996968378681,260.8867093914092,170.811662593335,1.4522694143215689,22.9346759389772,40.00109703315792,96.30972881343374,220.98307294540376,595.2376562241434,14.0390387404428,99.01962078475216,1
298.5451874459993,107.73896200378877,41.31576676810816,9.998899347556199,3.919731719331273,2.9273626401603643,29.19962427012617,45.60415319316835,389.4445368266535,12.536837848150576,12.138751564737209,51.569094704906185,24.274931184166977,50.29392008074492,31.129357005359044,272.2627080103204,14.430413710794792,71.58327376954537,2.620645537289236,63.97541373670565,221.0826523092441,159.6518619805538,1.4815300544215901,20.8801757038458,29.484335333463797,86.82375459527589,194.88276268482014,600.6008811005235,10.896053419134358,97.28058721323607,0
319.0860283252126,116.38501508290486,41.8949474638199,10.01560669939094,2.6520474931424762,5.201993627826416,28.708181254051613,42.859430274128826,412.13133627136574,11.236870222794064,9.733045594089536,60.03966085275546,22.368210910989482,60.675637817327,28.845125153760687,312.689895211872,13.906621283500476,62.2902530799341,2.064708738449487,65.50667793676607,201.61069033811842,153.62221303316102,1.096480148804283,25.147543261302538,99.82105167922604,89.11810671043287,187.3127275232532,617.7654121722189,22.94397779826458,107.95589369961995,0
361.04686761695064,110.07342949649835,41.47685023600971,8.743095931233608,2.34888524268729,4.581947660418634,30.904061780832315,30.509531105439788,419.2170728603299,9.561279014697163,8.978488201609533,61.83351676451086,16.96731494049599,57.24824025405047,25.39079275267086,330.7802564193857,15.514460805097675,69.57858341967732,2.501591117242152,62.64500080728487,170.457717443492,150.1197936262337,1.0313356633898259,18.0433964463246,108.56088338199508,86.0467115894813,171.08082600407482,671.0638819389698,18.483289522205844,112.72478648477943,1
288.1709190752281,108.84446337918078,48.84684499698632,11.083381662169764,3.2146501917705628,6.531772978918904,31.478249600860067,42.79609751695325,404.7123003106133,13.870260429460995,10.697656055675392,54.29121019751828,34.36486092228026,50.12365891655554,31.604296397775954,292.35094883670973,14.914643498114037,70.40325221229703,2.559303444916527,74.40225132313437,383.8890544509059,153.04990476466293,1.3724548534721819,22.0450155690846,109.84448444677734,107.96863378417962,203.202500300154,604.886498364367,23.000621353882273,110.47354592009079,1
321.51889975348473,106.94720628145924,43.74174136292342,6.517457085341879,4.128240597391802,5.822902346968184,31.03666926934783,39.16166548894786,407.24257710116564,11.404009612501536,11.141494443605705,55.57222611130159,20.21594524222099,50.88026528793778,26.00336971731494,299.5937210379451,13.939101768676087,68.13115033088503,2.153496159826675,58.93426734702331,232.65947432465822,141.71715806493344,1.049371129451912,22.48265613980825,109.82195191676547,84.76823936535402,195.3583147943169,641.2862525976855,23.38994344170481,120.49910122773085,0
338.96954180962604,108.89922857686258,42.15779330412736,7.138810833119017,2.730033886806955,4.12713049308096,31.32789466430601,35.30552564383612,404.7563633022483,11.282339859458911,11.72980495512697,59.851200997709704,19.262648059668848,52.603492893203644,27.90213181362508,297.21298205936654,13.726193095253603,70.97688350953436,2.169787054302022,59.008320437839515,185.5333579614815,147.4836839528195,1.212833107822261,19.97879326980498,83.3420422418412,77.37971203978866,180.33313579145042,643.0755504367502,15.794628340813754,116.95693516449515,0
326.7315691878065,112.07804392961262,45.93491121426349,9.050817077980776,2.9606395324234436,5.501239826142319,30.593809008052403,35.31484456629827,428.49623186448264,7.352161942327848,10.561038605149832,71.82386961345041,17.12722022842633,56.676497279188176,28.79260611338386,312.7896997060137,16.04843296964963,62.69593961314432,1.7646974677371587,64.84894452811628,216.6948586713298,154.09878702140082,1.112832366898638,21.735814568446393,95.55068249639078,99.37945861336746,185.45067126655516,621.5895295396988,23.010188554417862,114.36916808849728,0
335.7881562511192,116.70878723777741,39.820420865042635,9.010689199074825,2.0499865719034283,4.504905184378899,31.167401146134885,37.344719405473384,418.59807508944397,9.775698547678587,8.596132156197305,63.500352547618526,18.804312152169285,60.86949911495999,28.69823480000673,317.82278535311696,14.108248044706414,70.40572796422715,2.218422925942392,61.81251134788145,180.28014840767847,150.2735804972232,1.0398223219790288,22.51597624174298,96.9778868670039,85.06194859437443,180.07336285312752,642.556893647999,18.53122154054782,112.60907657142289,0
313.0868125423667,110.0443249430929,45.34144565014362,10.173315294100625,4.026887983581098,2.1877863071443713,31.980682547663747,41.36749681672741,396.3824490243172,11.374545842218179,13.49997721236638,49.4166807266715,21.2989880065636,49.72289895545064,29.091439831247357,265.8333166954791,18.40180741759078,64.98836068711667,2.616045922351161,72.62266421683596,278.05410550841964,169.14946197388798,1.492978489009361,21.15556580026648,26.87065617641219,96.99610778077992,221.8263840386222,599.6857213985326,10.877429053972651,92.39557158510443,0
